{
   "dashboards": [{
      "autoswitchEnabled": false,
      "columnCount": 1,
      "columnProportion": "1",
      "creationTime": 1555105570173,
      "dashboardNavigations": {},
      "description": "",
      "disabled": false,
      "gridsterMaxColumns": 12,
      "hidden": false,
      "homeTab": false,
      "id": "1d8bea03-97f4-477e-80a0-e4aded671475",
      "importAttempts": 0,
      "importComplete": true,
      "isDefault": false,
      "locked": false,
      "name": "VM Base Cost Analysis",
      "rank": 2,
      "shared": true,
      "states": [],
      "temporary": false,
      "userId": "42a880b9-7ef3-44c3-a272-793134c0a7e0",
      "widgetInteractions": [
         {
            "type": "resourceId",
            "widgetIdProvider": "5981ae5c-3537-4040-9cd2-5f85dc11121b",
            "widgetIdReceiver": "9ab1da14-b0c9-49fc-8e02-6741ff89db3a"
         },
         {
            "type": "resourceId",
            "widgetIdProvider": "b72c295f-9889-4ebf-a4e5-c11aa863b972",
            "widgetIdReceiver": "9ab1da14-b0c9-49fc-8e02-6741ff89db3a"
         },
         {
            "type": "resourceId",
            "widgetIdProvider": "4a55d1be-edbf-449c-8fd7-7cf77f5659c4",
            "widgetIdReceiver": "e07dc50e-4d84-4063-b228-e09be444f46d"
         },
         {
            "type": "resourceId",
            "widgetIdProvider": "5981ae5c-3537-4040-9cd2-5f85dc11121b",
            "widgetIdReceiver": "47ee70f7-79d6-4ab9-bc47-b6f67bbf04d6"
         },
         {
            "type": "resourceId",
            "widgetIdProvider": "b72c295f-9889-4ebf-a4e5-c11aa863b972",
            "widgetIdReceiver": "47ee70f7-79d6-4ab9-bc47-b6f67bbf04d6"
         },
         {
            "type": "resourceId",
            "widgetIdProvider": "b72c295f-9889-4ebf-a4e5-c11aa863b972",
            "widgetIdReceiver": "b2815250-ee90-4f79-a35c-49d7f5f09bab"
         },
         {
            "type": "resourceId",
            "widgetIdProvider": "5981ae5c-3537-4040-9cd2-5f85dc11121b",
            "widgetIdReceiver": "10e00672-0057-4be7-83b1-faedf0fd3dc6"
         },
         {
            "type": "resourceId",
            "widgetIdProvider": "5981ae5c-3537-4040-9cd2-5f85dc11121b",
            "widgetIdReceiver": "b2815250-ee90-4f79-a35c-49d7f5f09bab"
         },
         {
            "type": "resourceId",
            "widgetIdProvider": "4a55d1be-edbf-449c-8fd7-7cf77f5659c4",
            "widgetIdReceiver": "c026d4e9-1999-4d50-9220-3cc1e2c26b5d"
         },
         {
            "type": "resourceId",
            "widgetIdProvider": "b72c295f-9889-4ebf-a4e5-c11aa863b972",
            "widgetIdReceiver": "10e00672-0057-4be7-83b1-faedf0fd3dc6"
         }
      ],
      "widgets": [
         {
            "collapsed": false,
            "config": {
               "boxColumns": 2,
               "boxHeight": null,
               "customFilter": {
                  "excludedResources": null,
                  "filter": [],
                  "includedResources": null
               },
               "depth": 1,
               "labelSize": 12,
               "maxCellCount": 100,
               "metric": {
                  "mode": "resourceKind",
                  "resourceKindMetrics": [
                     {
                        "colorMethod": 2,
                        "id": "extModel2998-4",
                        "isStringMetric": false,
                        "label": "Total CPU Cost (Monthly)",
                        "link": "",
                        "metricKey": "cost|totalCpuCost",
                        "metricName": "Cost|Monthly Cluster Total CPU Cost",
                        "metricUnitId": -1,
                        "orangeBound": null,
                        "redBound": null,
                        "resourceKindId": "resourceKind:id:0_::_",
                        "resourceKindName": "Cluster Compute Resource",
                        "unit": "Auto",
                        "yellowBound": null
                     },
                     {
                        "colorMethod": 2,
                        "id": "extModel2998-5",
                        "isStringMetric": false,
                        "label": "Total Memory Cost (Monthly)",
                        "link": "",
                        "metricKey": "cost|totalMemoryCost",
                        "metricName": "Cost|Monthly Cluster Total Memory Cost",
                        "metricUnitId": -1,
                        "orangeBound": null,
                        "redBound": null,
                        "resourceKindId": "resourceKind:id:0_::_",
                        "resourceKindName": "Cluster Compute Resource",
                        "unit": "Auto",
                        "yellowBound": null
                     },
                     {
                        "colorMethod": 2,
                        "id": "extModel2358-1",
                        "isStringMetric": false,
                        "label": "CPU Base Rate per vCPU",
                        "link": "",
                        "metricKey": "cost|cpuBaseRate",
                        "metricName": "Cost|Cluster CPU Base Rate",
                        "metricUnitId": -1,
                        "orangeBound": null,
                        "redBound": null,
                        "resourceKindId": "resourceKind:id:0_::_",
                        "resourceKindName": "Cluster Compute Resource",
                        "unit": "Auto",
                        "yellowBound": null
                     },
                     {
                        "colorMethod": 2,
                        "id": "extModel2358-3",
                        "isStringMetric": false,
                        "label": "Memory Base Rate per GB",
                        "link": "",
                        "metricKey": "cost|memoryBaseRate",
                        "metricName": "Cost|Cluster Memory Base Rate",
                        "metricUnitId": "Auto",
                        "orangeBound": null,
                        "redBound": null,
                        "resourceKindId": "resourceKind:id:0_::_",
                        "resourceKindName": "Cluster Compute Resource",
                        "unit": "Auto",
                        "yellowBound": null
                     },
                     {
                        "colorMethod": 2,
                        "id": "extModel9768-1",
                        "isStringMetric": false,
                        "label": "CPU Utilization MTD",
                        "link": "",
                        "metricKey": "cost|cpuActualUtilizationGHz",
                        "metricName": "Cost|MTD Cluster CPU Utilization",
                        "metricUnitId": -1,
                        "orangeBound": null,
                        "redBound": null,
                        "resourceKindId": "resourceKind:id:0_::_",
                        "resourceKindName": "Cluster Compute Resource",
                        "unit": "Auto",
                        "yellowBound": null
                     },
                     {
                        "colorMethod": 2,
                        "id": "extModel9768-2",
                        "isStringMetric": false,
                        "label": "Memory Utilization MTD",
                        "link": "",
                        "metricKey": "cost|memoryActualUtilizationGB",
                        "metricName": "Cost|MTD Cluster Memory Utilization",
                        "metricUnitId": -1,
                        "orangeBound": null,
                        "redBound": null,
                        "resourceKindId": "resourceKind:id:0_::_",
                        "resourceKindName": "Cluster Compute Resource",
                        "unit": "Auto",
                        "yellowBound": null
                     },
                     {
                        "colorMethod": 2,
                        "id": "extModel2998-1",
                        "isStringMetric": false,
                        "label": "CPU Expected Utilization",
                        "link": "",
                        "metricKey": "cost|cpuExpectedUtilizationPct",
                        "metricName": "Cost|Cluster CPU Expected Utilization",
                        "metricUnitId": -1,
                        "orangeBound": null,
                        "redBound": null,
                        "resourceKindId": "resourceKind:id:0_::_",
                        "resourceKindName": "Cluster Compute Resource",
                        "unit": "Auto",
                        "yellowBound": null
                     },
                     {
                        "colorMethod": 2,
                        "id": "extModel2998-2",
                        "isStringMetric": false,
                        "label": "Memory Expected Utilization",
                        "link": "",
                        "metricKey": "cost|memoryExpectedUtilizationPct",
                        "metricName": "Cost|Cluster Memory Expected Utilization",
                        "metricUnitId": -1,
                        "orangeBound": null,
                        "redBound": null,
                        "resourceKindId": "resourceKind:id:0_::_",
                        "resourceKindName": "Cluster Compute Resource",
                        "unit": "Auto",
                        "yellowBound": null
                     }
                  ],
                  "resourceMetrics": [],
                  "subMode": "resourceKindAll"
               },
               "mode": {"layoutMode": "fixedView"},
               "oldMetricValues": false,
               "periodLength": "last30Days",
               "refreshContent": {"refreshContent": true},
               "refreshInterval": 300,
               "relationshipMode": {"relationshipMode": 0},
               "resInteractionMode": null,
               "resource": [],
               "roundDecimals": 2,
               "selfProvider": {"selfProvider": false},
               "showDT": {"showDT": false},
               "showMetricName": {"showMetricName": true},
               "showMetricUnit": {"showMetricUnit": true},
               "showResourceName": {"showResourceName": false},
               "showSparkline": {"showSparkline": true},
               "title": "Cluster Cost Analysis (Demand Based)",
               "valueSize": 24,
               "visualTheme": 3
            },
            "gridsterCoords": {
               "h": 7,
               "w": 5,
               "x": 4,
               "y": 11
            },
            "height": 381,
            "id": "47ee70f7-79d6-4ab9-bc47-b6f67bbf04d6",
            "title": "Cluster Cost Analysis (Demand Based)",
            "type": "Scoreboard"
         },
         {
            "collapsed": false,
            "config": {
               "boxColumns": 3,
               "boxHeight": null,
               "customFilter": {
                  "excludedResources": null,
                  "filter": [],
                  "includedResources": null
               },
               "depth": 1,
               "labelSize": 12,
               "maxCellCount": 10,
               "metric": {
                  "mode": "resourceKind",
                  "resourceKindMetrics": [
                     {
                        "colorMethod": 2,
                        "id": "extModel13911-3",
                        "isStringMetric": false,
                        "label": "Average Cost per VM",
                        "link": "",
                        "metricKey": "cost|current_cost_per_vm",
                        "metricName": "Cost|Current Cost Per VM",
                        "metricUnitId": -1,
                        "orangeBound": null,
                        "redBound": null,
                        "resourceKindId": "resourceKind:id:1_::_",
                        "resourceKindName": "vSphere World",
                        "unit": "Auto",
                        "yellowBound": null
                     },
                     {
                        "colorMethod": 2,
                        "id": "extModel2883-3",
                        "isStringMetric": false,
                        "label": "VMs",
                        "link": "",
                        "metricKey": "summary|total_number_vms",
                        "metricName": "Summary|Total Number of VMs",
                        "metricUnitId": null,
                        "orangeBound": null,
                        "redBound": null,
                        "resourceKindId": "resourceKind:id:1_::_",
                        "resourceKindName": "vSphere World",
                        "unit": null,
                        "yellowBound": null
                     },
                     {
                        "colorMethod": 2,
                        "id": "extModel13236-1",
                        "isStringMetric": false,
                        "label": "Total Cost of Ownership",
                        "link": "",
                        "metricKey": "cost|total_aggregated_cost",
                        "metricName": "Cost|Total Aggregated Cost",
                        "metricUnitId": -1,
                        "orangeBound": null,
                        "redBound": null,
                        "resourceKindId": "resourceKind:id:1_::_",
                        "resourceKindName": "vSphere World",
                        "unit": "Auto",
                        "yellowBound": null
                     }
                  ],
                  "resourceMetrics": [],
                  "subMode": "resourceKindAll"
               },
               "mode": {"layoutMode": "fixedView"},
               "oldMetricValues": false,
               "periodLength": "last30Days",
               "refreshContent": {"refreshContent": true},
               "refreshInterval": 300,
               "relationshipMode": {"relationshipMode": 0},
               "resInteractionMode": null,
               "resource": [],
               "roundDecimals": 2,
               "selfProvider": {"selfProvider": true},
               "showDT": {"showDT": false},
               "showMetricName": {"showMetricName": true},
               "showMetricUnit": {"showMetricUnit": true},
               "showResourceName": {"showResourceName": false},
               "showSparkline": {"showSparkline": true},
               "title": "Overall Environment Summary",
               "valueSize": 24,
               "visualTheme": 3
            },
            "gridsterCoords": {
               "h": 3,
               "w": 12,
               "x": 1,
               "y": 1
            },
            "height": 153,
            "id": "29adb101-eeee-472a-a6b0-be0e02d37778",
            "title": "Overall Environment Summary",
            "type": "Scoreboard"
         },
         {
            "collapsed": false,
            "config": {
               "chartViewItems": [],
               "isUpdatedView": true,
               "refreshContent": {"refreshContent": true},
               "refreshInterval": 300,
               "resource": null,
               "selectFirstRow": {"selectFirstRow": false},
               "selfProvider": {"selfProvider": false},
               "title": "Cluster Cost Summary (Demand Based)",
               "traversalSpecId": "",
               "viewDefinitionId": "b285ffd2-6885-4981-84d3-6b0b270f2f9c"
            },
            "gridsterCoords": {
               "h": 7,
               "w": 3,
               "x": 1,
               "y": 11
            },
            "height": 381,
            "id": "9ab1da14-b0c9-49fc-8e02-6741ff89db3a",
            "title": "Cluster Cost Summary (Demand Based)",
            "type": "View"
         },
         {
            "collapsed": false,
            "config": {
               "configs": [
                  {
                     "attributeKind": {"value": ""},
                     "color": {"thresholds": {
                        "colors": [
                           "#00ff00",
                           "#888800",
                           "#ff0000"
                        ],
                        "values": [
                           0,
                           50,
                           100
                        ]
                     }},
                     "colorBy": {
                        "metricKey": "cost|cpuBaseRate",
                        "value": "Cost|Cluster CPU Base Rate (US$)"
                     },
                     "customFilter": {
                        "excludedResources": null,
                        "filter": [{
                           "filterTypes": [{
                              "condition": "GREATER_THAN",
                              "filterType": "metrics",
                              "isStringMetric": false,
                              "metricKey": "cost|totalCost",
                              "metricName": "Cost|Monthly Cluster Total Cost",
                              "metricUnit": "US$",
                              "metricValue": {
                                 "isStringMetric": false,
                                 "value": 0
                              }
                           }],
                           "resourceKind": "002006VMWAREClusterComputeResource",
                           "resourceKindId": "002006VMWAREClusterComputeResource"
                        }],
                        "includedResources": null
                     },
                     "filterMode": "customFilter",
                     "focusOnGroups": true,
                     "groupBy": {
                        "id": "004null002006VMWAREVMwareAdapter Instance",
                        "originalText": "vCenter Server",
                        "parentId": "VMWARE",
                        "parentText": "vCenter Adapter",
                        "text": "vCenter Server",
                        "type": "resourceKind",
                        "typeId": "resourceKind:id:2_::_"
                     },
                     "id": "extModel8273-1",
                     "mode": {"mode": false},
                     "name": "CPU Base Rate vs. Total CPU Cost (Demand)",
                     "relationalGrouping": false,
                     "resourceKind": "resourceKind:id:0_::_",
                     "sizeBy": {
                        "metricKey": "cost|totalCpuCost",
                        "value": "Cost|Monthly Cluster Total CPU Cost (US$)"
                     },
                     "solidColoring": false,
                     "tagFilter": null,
                     "thenBy": {
                        "id": "004null002006VMWAREDatacenter",
                        "originalText": "Datacenter",
                        "parentId": "VMWARE",
                        "parentText": "vCenter Adapter",
                        "text": "Datacenter",
                        "type": "resourceKind",
                        "typeId": "resourceKind:id:3_::_"
                     }
                  },
                  {
                     "attributeKind": {"value": ""},
                     "color": {"thresholds": {
                        "colors": [
                           "#00ff00",
                           "#888800",
                           "#ff0000"
                        ],
                        "values": [
                           0,
                           50,
                           100
                        ]
                     }},
                     "colorBy": {
                        "metricKey": "cost|cpuBaseRate",
                        "value": "Cost|Cluster CPU Base Rate (US$)"
                     },
                     "customFilter": {
                        "excludedResources": null,
                        "filter": [{
                           "filterTypes": [{
                              "condition": "GREATER_THAN",
                              "filterType": "metrics",
                              "isStringMetric": false,
                              "metricKey": "cost|totalCost",
                              "metricName": "Cost|Monthly Cluster Total Cost",
                              "metricUnit": "US$",
                              "metricValue": {
                                 "isStringMetric": false,
                                 "value": 0
                              }
                           }],
                           "resourceKind": "002006VMWAREClusterComputeResource",
                           "resourceKindId": "002006VMWAREClusterComputeResource"
                        }],
                        "includedResources": null
                     },
                     "filterMode": "customFilter",
                     "focusOnGroups": true,
                     "groupBy": {
                        "id": "004null002006VMWAREVMwareAdapter Instance",
                        "originalText": "vCenter Server",
                        "parentId": "VMWARE",
                        "parentText": "vCenter Adapter",
                        "text": "vCenter Server",
                        "type": "resourceKind",
                        "typeId": "resourceKind:id:2_::_"
                     },
                     "id": "extModel6206-2",
                     "mode": {"mode": false},
                     "name": "CPU Base Rate vs. Capacity Remaining (Demand)",
                     "relationalGrouping": false,
                     "resourceKind": "resourceKind:id:0_::_",
                     "sizeBy": {
                        "metricKey": "OnlineCapacityAnalytics|cpu|demand|capacityRemaining",
                        "value": "Capacity Analytics Generated|CPU|Demand|Capacity Remaining (MHz)"
                     },
                     "solidColoring": false,
                     "tagFilter": null,
                     "thenBy": {
                        "id": "004null002006VMWAREDatacenter",
                        "originalText": "Datacenter",
                        "parentId": "VMWARE",
                        "parentText": "vCenter Adapter",
                        "text": "Datacenter",
                        "type": "resourceKind",
                        "typeId": "resourceKind:id:3_::_"
                     }
                  },
                  {
                     "attributeKind": {"value": ""},
                     "color": {"thresholds": {
                        "colors": [
                           "#00ff00",
                           "#888800",
                           "#ff0000"
                        ],
                        "values": [
                           0,
                           50,
                           100
                        ]
                     }},
                     "colorBy": {
                        "metricKey": "cost|cpuBaseRate",
                        "value": "Cost|Cluster CPU Base Rate (US$)"
                     },
                     "customFilter": {
                        "excludedResources": null,
                        "filter": [{
                           "filterTypes": [{
                              "condition": "GREATER_THAN",
                              "filterType": "metrics",
                              "isStringMetric": false,
                              "metricKey": "cost|totalCost",
                              "metricName": "Cost|Monthly Cluster Total Cost",
                              "metricUnit": "US$",
                              "metricValue": {
                                 "isStringMetric": false,
                                 "value": 0
                              }
                           }],
                           "resourceKind": "002006VMWAREClusterComputeResource",
                           "resourceKindId": "002006VMWAREClusterComputeResource"
                        }],
                        "includedResources": null
                     },
                     "filterMode": "customFilter",
                     "focusOnGroups": true,
                     "groupBy": {
                        "id": "004null002006VMWAREVMwareAdapter Instance",
                        "originalText": "vCenter Server",
                        "parentId": "VMWARE",
                        "parentText": "vCenter Adapter",
                        "text": "vCenter Server",
                        "type": "resourceKind",
                        "typeId": "resourceKind:id:2_::_"
                     },
                     "id": "extModel6206-3",
                     "mode": {"mode": false},
                     "name": "CPU Base Rate vs. Expected Utilization (Demand)",
                     "relationalGrouping": false,
                     "resourceKind": "resourceKind:id:0_::_",
                     "sizeBy": {
                        "metricKey": "cost|cpuExpectedUtilizationPct",
                        "value": "Cost|Cluster CPU Expected Utilization (%)"
                     },
                     "solidColoring": false,
                     "tagFilter": null,
                     "thenBy": {
                        "id": "004null002006VMWAREDatacenter",
                        "originalText": "Datacenter",
                        "parentId": "VMWARE",
                        "parentText": "vCenter Adapter",
                        "text": "Datacenter",
                        "type": "resourceKind",
                        "typeId": "resourceKind:id:3_::_"
                     }
                  },
                  {
                     "attributeKind": {"value": ""},
                     "color": {"thresholds": {
                        "colors": [
                           "#00ff00",
                           "#888800",
                           "#ff0000"
                        ],
                        "values": [
                           0,
                           50,
                           100
                        ]
                     }},
                     "colorBy": {
                        "metricKey": "cost|cpuBaseRate",
                        "value": "Cost|Cluster CPU Base Rate (US$)"
                     },
                     "focusOnGroups": true,
                     "groupBy": {
                        "id": "004null002006VMWAREVMwareAdapter Instance",
                        "originalText": "vCenter Server",
                        "parentId": "VMWARE",
                        "parentText": "vCenter Adapter",
                        "text": "vCenter Server",
                        "type": "resourceKind",
                        "typeId": "resourceKind:id:2_::_"
                     },
                     "id": "extModel6206-4",
                     "mode": {"mode": false},
                     "name": "CPU Base Rate vs. MTD CPU Utilization (Demand)",
                     "relationalGrouping": false,
                     "resourceKind": "resourceKind:id:0_::_",
                     "sizeBy": {
                        "metricKey": "cost|cpuActualUtilizationGHz",
                        "value": "Cost|MTD Cluster CPU Utilization (GHz)"
                     },
                     "solidColoring": false,
                     "thenBy": {
                        "id": "004null002006VMWAREDatacenter",
                        "originalText": "Datacenter",
                        "parentId": "VMWARE",
                        "parentText": "vCenter Adapter",
                        "text": "Datacenter",
                        "type": "resourceKind",
                        "typeId": "resourceKind:id:3_::_"
                     }
                  },
                  {
                     "attributeKind": {"value": ""},
                     "color": {"thresholds": {
                        "colors": [
                           "#00ff00",
                           "#00ff00",
                           "#888800",
                           "#ff0000"
                        ],
                        "values": [
                           0,
                           50,
                           100
                        ]
                     }},
                     "colorBy": {
                        "metricKey": "cost|allocation|allocationBasedCpuBaseRate",
                        "value": "Cost|Allocation|Cluster CPU Base Rate (US$)"
                     },
                     "customFilter": {
                        "excludedResources": null,
                        "filter": [{
                           "filterTypes": [{
                              "condition": "GREATER_THAN",
                              "filterType": "metrics",
                              "isStringMetric": false,
                              "metricKey": "cost|allocation|allocationBasedCpuBaseRate",
                              "metricName": "Cost|Allocation|Cluster CPU Base Rate",
                              "metricUnit": "US$",
                              "metricValue": {
                                 "isStringMetric": false,
                                 "value": 0
                              }
                           }],
                           "resourceKind": "002006VMWAREClusterComputeResource",
                           "resourceKindId": "002006VMWAREClusterComputeResource"
                        }],
                        "includedResources": null
                     },
                     "filterMode": "customFilter",
                     "focusOnGroups": true,
                     "groupBy": {
                        "id": "004null002006VMWAREVMwareAdapter Instance",
                        "originalText": "vCenter Server",
                        "parentId": "VMWARE",
                        "parentText": "vCenter Adapter",
                        "text": "vCenter Server",
                        "type": "resourceKind",
                        "typeId": "resourceKind:id:2_::_"
                     },
                     "id": "extModel6206-5",
                     "mode": {"mode": false},
                     "name": "CPU Base Rate vs. Total CPU Cost (Allocation)",
                     "relationalGrouping": false,
                     "resourceKind": "resourceKind:id:0_::_",
                     "sizeBy": {
                        "metricKey": "cost|totalCpuCost",
                        "value": "Cost|Monthly Cluster Total CPU Cost (US$)"
                     },
                     "solidColoring": false,
                     "tagFilter": null,
                     "thenBy": {
                        "id": "004null002006VMWAREDatacenter",
                        "originalText": "Datacenter",
                        "parentId": "VMWARE",
                        "parentText": "vCenter Adapter",
                        "text": "Datacenter",
                        "type": "resourceKind",
                        "typeId": "resourceKind:id:3_::_"
                     }
                  },
                  {
                     "attributeKind": {"value": ""},
                     "color": {"thresholds": {
                        "colors": [
                           "#00ff00",
                           "#888800",
                           "#ff0000"
                        ],
                        "values": [
                           0,
                           50,
                           100
                        ]
                     }},
                     "colorBy": {
                        "metricKey": "cost|allocation|allocationBasedCpuBaseRate",
                        "value": "Cost|Allocation|Cluster CPU Base Rate (US$)"
                     },
                     "customFilter": {
                        "excludedResources": null,
                        "filter": [{
                           "filterTypes": [{
                              "condition": "GREATER_THAN",
                              "filterType": "metrics",
                              "isStringMetric": false,
                              "metricKey": "cost|allocation|allocationBasedCpuBaseRate",
                              "metricName": "Cost|Allocation|Cluster CPU Base Rate",
                              "metricUnit": "US$",
                              "metricValue": {
                                 "isStringMetric": false,
                                 "value": 0
                              }
                           }],
                           "resourceKind": "002006VMWAREClusterComputeResource",
                           "resourceKindId": "002006VMWAREClusterComputeResource"
                        }],
                        "includedResources": null
                     },
                     "filterMode": "customFilter",
                     "focusOnGroups": true,
                     "groupBy": {
                        "id": "004null002006VMWAREVMwareAdapter Instance",
                        "originalText": "vCenter Server",
                        "parentId": "VMWARE",
                        "parentText": "vCenter Adapter",
                        "text": "vCenter Server",
                        "type": "resourceKind",
                        "typeId": "resourceKind:id:2_::_"
                     },
                     "id": "extModel8273-2",
                     "mode": {"mode": false},
                     "name": "CPU Base Rate vs. Capacity Remaining (Allocation)",
                     "relationalGrouping": false,
                     "resourceKind": "resourceKind:id:0_::_",
                     "sizeBy": {
                        "metricKey": "OnlineCapacityAnalytics|cpu|alloc|capacityRemaining",
                        "value": "Capacity Analytics Generated|CPU|Allocation|Capacity Remaining (vCPUs)"
                     },
                     "solidColoring": false,
                     "tagFilter": null,
                     "thenBy": {
                        "id": "004null002006VMWAREDatacenter",
                        "originalText": "Datacenter",
                        "parentId": "VMWARE",
                        "parentText": "vCenter Adapter",
                        "text": "Datacenter",
                        "type": "resourceKind",
                        "typeId": "resourceKind:id:3_::_"
                     }
                  },
                  {
                     "attributeKind": {"value": ""},
                     "color": {"thresholds": {
                        "colors": [
                           "#00ff00",
                           "#888800",
                           "#ff0000"
                        ],
                        "values": [
                           0,
                           50,
                           100
                        ]
                     }},
                     "colorBy": {
                        "metricKey": "cost|allocation|allocationBasedCpuBaseRate",
                        "value": "Cost|Allocation|Cluster CPU Base Rate (US$)"
                     },
                     "customFilter": {
                        "excludedResources": null,
                        "filter": [{
                           "filterTypes": [{
                              "condition": "GREATER_THAN",
                              "filterType": "metrics",
                              "isStringMetric": false,
                              "metricKey": "cost|allocation|allocationBasedCpuBaseRate",
                              "metricName": "Cost|Allocation|Cluster CPU Base Rate",
                              "metricUnit": "US$",
                              "metricValue": {
                                 "isStringMetric": false,
                                 "value": 0
                              }
                           }],
                           "resourceKind": "002006VMWAREClusterComputeResource",
                           "resourceKindId": "002006VMWAREClusterComputeResource"
                        }],
                        "includedResources": null
                     },
                     "filterMode": "tagPicker",
                     "focusOnGroups": true,
                     "groupBy": {
                        "id": "004null002006VMWAREVMwareAdapter Instance",
                        "originalText": "vCenter Server",
                        "parentId": "VMWARE",
                        "parentText": "vCenter Adapter",
                        "text": "vCenter Server",
                        "type": "resourceKind",
                        "typeId": "resourceKind:id:2_::_"
                     },
                     "mode": {"mode": false},
                     "name": "CPU Base Rate vs. Current Overcommit Ratio (Allocation)",
                     "relationalGrouping": false,
                     "resourceKind": "resourceKind:id:0_::_",
                     "sizeBy": {
                        "metricKey": "cpu|vcpus_to_cores_allocation_ratio",
                        "value": "CPU|Current Overcommit Ratio"
                     },
                     "solidColoring": false,
                     "tagFilter": null,
                     "thenBy": {
                        "id": "004null002006VMWAREDatacenter",
                        "originalText": "Datacenter",
                        "parentId": "VMWARE",
                        "parentText": "vCenter Adapter",
                        "text": "Datacenter",
                        "type": "resourceKind",
                        "typeId": "resourceKind:id:3_::_"
                     }
                  }
               ],
               "depth": 10,
               "mode": "all",
               "refreshContent": {"refreshContent": false},
               "refreshInterval": 300,
               "relationshipMode": {"relationshipMode": 0},
               "resource": [],
               "selfProvider": {"selfProvider": false},
               "title": "Clusters with Cheapest CPU Cost",
               "value": 6
            },
            "gridsterCoords": {
               "h": 7,
               "w": 4,
               "x": 1,
               "y": 4
            },
            "height": 381,
            "id": "5981ae5c-3537-4040-9cd2-5f85dc11121b",
            "states": [
               {
                  "key": "perm_HeatMap_widget_1d8bea03-97f4-477e-80a0-e4aded671475_5981ae5c-3537-4040-9cd2-5f85dc11121b",
                  "value": "o%3A"
               },
               {
                  "key": "perm_toolbarVisible_widget_1d8bea03-97f4-477e-80a0-e4aded671475_5981ae5c-3537-4040-9cd2-5f85dc11121b",
                  "value": "b%3A1"
               }
            ],
            "title": "Clusters with Cheapest CPU Cost",
            "type": "Heatmap"
         },
         {
            "collapsed": false,
            "config": {
               "configs": [
                  {
                     "attributeKind": {"value": ""},
                     "color": {"thresholds": {
                        "colors": [
                           "#00ff00",
                           "#888800",
                           "#ff0000"
                        ],
                        "values": [
                           0,
                           50,
                           100
                        ]
                     }},
                     "colorBy": {
                        "metricKey": "cost|memoryBaseRate",
                        "value": "Cost|Cluster Memory Base Rate (US$)"
                     },
                     "customFilter": {
                        "excludedResources": null,
                        "filter": [{
                           "filterTypes": [{
                              "condition": "GREATER_THAN",
                              "filterType": "metrics",
                              "isStringMetric": false,
                              "metricKey": "cost|totalCost",
                              "metricName": "Cost|Monthly Cluster Total Cost",
                              "metricUnit": "US$",
                              "metricValue": {
                                 "isStringMetric": false,
                                 "value": 0
                              }
                           }],
                           "resourceKind": "002006VMWAREClusterComputeResource",
                           "resourceKindId": "002006VMWAREClusterComputeResource"
                        }],
                        "includedResources": null
                     },
                     "filterMode": "customFilter",
                     "focusOnGroups": true,
                     "groupBy": {
                        "id": "004null002006VMWAREVMwareAdapter Instance",
                        "originalText": "vCenter Server",
                        "parentId": "VMWARE",
                        "parentText": "vCenter Adapter",
                        "text": "vCenter Server",
                        "type": "resourceKind",
                        "typeId": "resourceKind:id:2_::_"
                     },
                     "id": "extModel11427-1",
                     "mode": {"mode": false},
                     "name": "Memory Base Rate vs. Total Memory Cost (Demand)",
                     "relationalGrouping": false,
                     "resourceKind": "resourceKind:id:0_::_",
                     "sizeBy": {
                        "metricKey": "cost|totalMemoryCost",
                        "value": "Cost|Monthly Cluster Total Memory Cost (US$)"
                     },
                     "solidColoring": false,
                     "tagFilter": null,
                     "thenBy": {
                        "id": "004null002006VMWAREDatacenter",
                        "originalText": "Datacenter",
                        "parentId": "VMWARE",
                        "parentText": "vCenter Adapter",
                        "text": "Datacenter",
                        "type": "resourceKind",
                        "typeId": "resourceKind:id:3_::_"
                     }
                  },
                  {
                     "attributeKind": {"value": ""},
                     "color": {"thresholds": {
                        "colors": [
                           "#00ff00",
                           "#888800",
                           "#ff0000"
                        ],
                        "values": [
                           0,
                           50,
                           100
                        ]
                     }},
                     "colorBy": {
                        "metricKey": "cost|memoryBaseRate",
                        "value": "Cost|Cluster Memory Base Rate (US$)"
                     },
                     "customFilter": {
                        "excludedResources": null,
                        "filter": [{
                           "filterTypes": [{
                              "condition": "GREATER_THAN",
                              "filterType": "metrics",
                              "isStringMetric": false,
                              "metricKey": "cost|totalCost",
                              "metricName": "Cost|Monthly Cluster Total Cost",
                              "metricUnit": "US$",
                              "metricValue": {
                                 "isStringMetric": false,
                                 "value": 0
                              }
                           }],
                           "resourceKind": "002006VMWAREClusterComputeResource",
                           "resourceKindId": "002006VMWAREClusterComputeResource"
                        }],
                        "includedResources": null
                     },
                     "filterMode": "customFilter",
                     "focusOnGroups": true,
                     "groupBy": {
                        "id": "004null002006VMWAREVMwareAdapter Instance",
                        "originalText": "vCenter Server",
                        "parentId": "VMWARE",
                        "parentText": "vCenter Adapter",
                        "text": "vCenter Server",
                        "type": "resourceKind",
                        "typeId": "resourceKind:id:2_::_"
                     },
                     "id": "extModel11427-2",
                     "mode": {"mode": false},
                     "name": "Memory Base Rate vs. Capacity Remaining (Demand)",
                     "relationalGrouping": false,
                     "resourceKind": "resourceKind:id:0_::_",
                     "sizeBy": {
                        "metricKey": "OnlineCapacityAnalytics|mem|demand|capacityRemaining",
                        "value": "Capacity Analytics Generated|Memory|Demand|Capacity Remaining (KB)"
                     },
                     "solidColoring": false,
                     "tagFilter": null,
                     "thenBy": {
                        "id": "004null002006VMWAREDatacenter",
                        "originalText": "Datacenter",
                        "parentId": "VMWARE",
                        "parentText": "vCenter Adapter",
                        "text": "Datacenter",
                        "type": "resourceKind",
                        "typeId": "resourceKind:id:3_::_"
                     }
                  },
                  {
                     "attributeKind": {"value": ""},
                     "color": {"thresholds": {
                        "colors": [
                           "#00ff00",
                           "#888800",
                           "#ff0000"
                        ],
                        "values": [
                           0,
                           50,
                           100
                        ]
                     }},
                     "colorBy": {
                        "metricKey": "cost|memoryBaseRate",
                        "value": "Cost|Cluster Memory Base Rate (US$)"
                     },
                     "customFilter": {
                        "excludedResources": null,
                        "filter": [{
                           "filterTypes": [{
                              "condition": "GREATER_THAN",
                              "filterType": "metrics",
                              "isStringMetric": false,
                              "metricKey": "cost|totalCost",
                              "metricName": "Cost|Monthly Cluster Total Cost",
                              "metricUnit": "US$",
                              "metricValue": {
                                 "isStringMetric": false,
                                 "value": 0
                              }
                           }],
                           "resourceKind": "002006VMWAREClusterComputeResource",
                           "resourceKindId": "002006VMWAREClusterComputeResource"
                        }],
                        "includedResources": null
                     },
                     "filterMode": "customFilter",
                     "focusOnGroups": true,
                     "groupBy": {
                        "id": "004null002006VMWAREVMwareAdapter Instance",
                        "originalText": "vCenter Server",
                        "parentId": "VMWARE",
                        "parentText": "vCenter Adapter",
                        "text": "vCenter Server",
                        "type": "resourceKind",
                        "typeId": "resourceKind:id:2_::_"
                     },
                     "id": "extModel11427-3",
                     "mode": {"mode": false},
                     "name": "Memory Base Rate vs. Expected Utilization (Demand)",
                     "relationalGrouping": false,
                     "resourceKind": "resourceKind:id:0_::_",
                     "sizeBy": {
                        "metricKey": "cost|memoryExpectedUtilizationPct",
                        "value": "Cost|Cluster Memory Expected Utilization (%)"
                     },
                     "solidColoring": false,
                     "tagFilter": null,
                     "thenBy": {
                        "id": "004null002006VMWAREDatacenter",
                        "originalText": "Datacenter",
                        "parentId": "VMWARE",
                        "parentText": "vCenter Adapter",
                        "text": "Datacenter",
                        "type": "resourceKind",
                        "typeId": "resourceKind:id:3_::_"
                     }
                  },
                  {
                     "attributeKind": {"value": ""},
                     "color": {"thresholds": {
                        "colors": [
                           "#00ff00",
                           "#888800",
                           "#ff0000"
                        ],
                        "values": [
                           0,
                           50,
                           100
                        ]
                     }},
                     "colorBy": {
                        "metricKey": "cost|memoryBaseRate",
                        "value": "Cost|Cluster Memory Base Rate (US$)"
                     },
                     "customFilter": {
                        "excludedResources": null,
                        "filter": [{
                           "filterTypes": [{
                              "condition": "GREATER_THAN",
                              "filterType": "metrics",
                              "isStringMetric": false,
                              "metricKey": "cost|totalCost",
                              "metricName": "Cost|Monthly Cluster Total Cost",
                              "metricUnit": "US$",
                              "metricValue": {
                                 "isStringMetric": false,
                                 "value": 0
                              }
                           }],
                           "resourceKind": "002006VMWAREClusterComputeResource",
                           "resourceKindId": "002006VMWAREClusterComputeResource"
                        }],
                        "includedResources": null
                     },
                     "filterMode": "customFilter",
                     "focusOnGroups": true,
                     "groupBy": {
                        "id": "004null002006VMWAREVMwareAdapter Instance",
                        "originalText": "vCenter Server",
                        "parentId": "VMWARE",
                        "parentText": "vCenter Adapter",
                        "text": "vCenter Server",
                        "type": "resourceKind",
                        "typeId": "resourceKind:id:2_::_"
                     },
                     "id": "extModel11427-4",
                     "mode": {"mode": false},
                     "name": "Memory Base Rate vs. MTD Memory Utilization (Demand)",
                     "relationalGrouping": false,
                     "resourceKind": "resourceKind:id:0_::_",
                     "sizeBy": {
                        "metricKey": "cost|memoryActualUtilizationGB",
                        "value": "Cost|MTD Cluster Memory Utilization (GB)"
                     },
                     "solidColoring": false,
                     "tagFilter": null,
                     "thenBy": {
                        "id": "004null002006VMWAREDatacenter",
                        "originalText": "Datacenter",
                        "parentId": "VMWARE",
                        "parentText": "vCenter Adapter",
                        "text": "Datacenter",
                        "type": "resourceKind",
                        "typeId": "resourceKind:id:3_::_"
                     }
                  },
                  {
                     "attributeKind": {"value": ""},
                     "color": {"thresholds": {
                        "colors": [
                           "#00ff00",
                           "#888800",
                           "#ff0000"
                        ],
                        "values": [
                           0,
                           50,
                           100
                        ]
                     }},
                     "colorBy": {
                        "metricKey": "cost|allocation|allocationBasedMemoryBaseRate",
                        "value": "Cost|Allocation|Cluster Memory Base Rate (US$)"
                     },
                     "customFilter": {
                        "excludedResources": null,
                        "filter": [{
                           "filterTypes": [{
                              "condition": "GREATER_THAN",
                              "filterType": "metrics",
                              "isStringMetric": false,
                              "metricKey": "cost|allocation|allocationBasedMemoryBaseRate",
                              "metricName": "Cost|Allocation|Cluster Memory Base Rate",
                              "metricUnit": "US$",
                              "metricValue": {
                                 "isStringMetric": false,
                                 "value": 0
                              }
                           }],
                           "resourceKind": "002006VMWAREClusterComputeResource",
                           "resourceKindId": "002006VMWAREClusterComputeResource"
                        }],
                        "includedResources": null
                     },
                     "filterMode": "customFilter",
                     "focusOnGroups": true,
                     "groupBy": {
                        "id": "004null002006VMWAREVMwareAdapter Instance",
                        "originalText": "vCenter Server",
                        "parentId": "VMWARE",
                        "parentText": "vCenter Adapter",
                        "text": "vCenter Server",
                        "type": "resourceKind",
                        "typeId": "resourceKind:id:2_::_"
                     },
                     "id": "extModel8727-1",
                     "mode": {"mode": false},
                     "name": "Memory Base Rate vs. Total Memory Cost (Allocation)",
                     "relationalGrouping": false,
                     "resourceKind": "resourceKind:id:0_::_",
                     "sizeBy": {
                        "metricKey": "cost|totalMemoryCost",
                        "value": "Cost|Monthly Cluster Total Memory Cost (US$)"
                     },
                     "solidColoring": false,
                     "tagFilter": null,
                     "thenBy": {
                        "id": "004null002006VMWAREDatacenter",
                        "originalText": "Datacenter",
                        "parentId": "VMWARE",
                        "parentText": "vCenter Adapter",
                        "text": "Datacenter",
                        "type": "resourceKind",
                        "typeId": "resourceKind:id:3_::_"
                     }
                  },
                  {
                     "attributeKind": {"value": ""},
                     "color": {"thresholds": {
                        "colors": [
                           "#00ff00",
                           "#888800",
                           "#ff0000"
                        ],
                        "values": [
                           0,
                           50,
                           100
                        ]
                     }},
                     "colorBy": {
                        "metricKey": "cost|allocation|allocationBasedMemoryBaseRate",
                        "value": "Cost|Allocation|Cluster Memory Base Rate (US$)"
                     },
                     "customFilter": {
                        "excludedResources": null,
                        "filter": [{
                           "filterTypes": [{
                              "condition": "GREATER_THAN",
                              "filterType": "metrics",
                              "isStringMetric": false,
                              "metricKey": "cost|allocation|allocationBasedMemoryBaseRate",
                              "metricName": "Cost|Allocation|Cluster Memory Base Rate",
                              "metricUnit": "US$",
                              "metricValue": {
                                 "isStringMetric": false,
                                 "value": 0
                              }
                           }],
                           "resourceKind": "002006VMWAREClusterComputeResource",
                           "resourceKindId": "002006VMWAREClusterComputeResource"
                        }],
                        "includedResources": null
                     },
                     "filterMode": "customFilter",
                     "focusOnGroups": true,
                     "groupBy": {
                        "id": "004null002006VMWAREVMwareAdapter Instance",
                        "originalText": "vCenter Server",
                        "parentId": "VMWARE",
                        "parentText": "vCenter Adapter",
                        "text": "vCenter Server",
                        "type": "resourceKind",
                        "typeId": "resourceKind:id:2_::_"
                     },
                     "id": "extModel8727-2",
                     "mode": {"mode": false},
                     "name": "Memory Base Rate vs. Capacity Remaining (Allocation)",
                     "relationalGrouping": false,
                     "resourceKind": "resourceKind:id:0_::_",
                     "sizeBy": {
                        "metricKey": "OnlineCapacityAnalytics|mem|alloc|capacityRemaining",
                        "value": "Capacity Analytics Generated|Memory|Allocation|Capacity Remaining (KB)"
                     },
                     "solidColoring": false,
                     "tagFilter": null,
                     "thenBy": {
                        "id": "004null002006VMWAREDatacenter",
                        "originalText": "Datacenter",
                        "parentId": "VMWARE",
                        "parentText": "vCenter Adapter",
                        "text": "Datacenter",
                        "type": "resourceKind",
                        "typeId": "resourceKind:id:3_::_"
                     }
                  },
                  {
                     "attributeKind": {"value": ""},
                     "color": {"thresholds": {
                        "colors": [
                           "#00ff00",
                           "#888800",
                           "#ff0000"
                        ],
                        "values": [
                           0,
                           50,
                           100
                        ]
                     }},
                     "colorBy": {
                        "metricKey": "cost|allocation|allocationBasedMemoryBaseRate",
                        "value": "Cost|Allocation|Cluster Memory Base Rate (US$)"
                     },
                     "customFilter": {
                        "excludedResources": null,
                        "filter": [{
                           "filterTypes": [{
                              "condition": "GREATER_THAN",
                              "filterType": "metrics",
                              "isStringMetric": false,
                              "metricKey": "cost|allocation|allocationBasedMemoryBaseRate",
                              "metricName": "Cost|Allocation|Cluster Memory Base Rate",
                              "metricUnit": "US$",
                              "metricValue": {
                                 "isStringMetric": false,
                                 "value": 0
                              }
                           }],
                           "resourceKind": "002006VMWAREClusterComputeResource",
                           "resourceKindId": "002006VMWAREClusterComputeResource"
                        }],
                        "includedResources": null
                     },
                     "filterMode": "tagPicker",
                     "focusOnGroups": true,
                     "groupBy": {
                        "id": "004null002006VMWAREVMwareAdapter Instance",
                        "originalText": "vCenter Server",
                        "parentId": "VMWARE",
                        "parentText": "vCenter Adapter",
                        "text": "vCenter Server",
                        "type": "resourceKind",
                        "typeId": "resourceKind:id:2_::_"
                     },
                     "mode": {"mode": false},
                     "name": "Memory Base Rate vs. Current Overcommit Ratio (Allocation)",
                     "relationalGrouping": false,
                     "resourceKind": "resourceKind:id:0_::_",
                     "sizeBy": {
                        "metricKey": "mem|virtual_to_physical_memory_allocation_ratio",
                        "value": "Memory|Current Overcommit Ratio"
                     },
                     "solidColoring": false,
                     "tagFilter": null,
                     "thenBy": {
                        "id": "004null002006VMWAREDatacenter",
                        "originalText": "Datacenter",
                        "parentId": "VMWARE",
                        "parentText": "vCenter Adapter",
                        "text": "Datacenter",
                        "type": "resourceKind",
                        "typeId": "resourceKind:id:3_::_"
                     }
                  }
               ],
               "depth": 10,
               "mode": "all",
               "refreshContent": {"refreshContent": false},
               "refreshInterval": 300,
               "relationshipMode": {"relationshipMode": 0},
               "resource": [],
               "selfProvider": {"selfProvider": false},
               "title": "Clusters with Cheapest Memory Cost",
               "value": 6
            },
            "gridsterCoords": {
               "h": 7,
               "w": 4,
               "x": 5,
               "y": 4
            },
            "height": 381,
            "id": "b72c295f-9889-4ebf-a4e5-c11aa863b972",
            "states": [
               {
                  "key": "perm_HeatMap_widget_1d8bea03-97f4-477e-80a0-e4aded671475_b72c295f-9889-4ebf-a4e5-c11aa863b972",
                  "value": "o%3A"
               },
               {
                  "key": "perm_toolbarVisible_widget_1d8bea03-97f4-477e-80a0-e4aded671475_b72c295f-9889-4ebf-a4e5-c11aa863b972",
                  "value": "b%3A1"
               }
            ],
            "title": "Clusters with Cheapest Memory Cost",
            "type": "Heatmap"
         },
         {
            "collapsed": false,
            "config": {
               "configs": [
                  {
                     "attributeKind": {"value": ""},
                     "color": {"thresholds": {
                        "colors": [
                           "#00ff00",
                           "#888800",
                           "#ff0000"
                        ],
                        "values": [
                           0,
                           50,
                           100
                        ]
                     }},
                     "colorBy": {
                        "metricKey": "cost|storageRate",
                        "value": "Cost|Monthly Storage Rate (US$)"
                     },
                     "customFilter": {
                        "excludedResources": null,
                        "filter": [{
                           "filterTypes": [{
                              "condition": "GREATER_THAN",
                              "filterType": "metrics",
                              "isStringMetric": false,
                              "metricKey": "cost|totalCost",
                              "metricName": "Cost|Monthly Datastore Total Cost",
                              "metricUnit": "US$",
                              "metricValue": {
                                 "isStringMetric": false,
                                 "value": 0
                              }
                           }],
                           "resourceKind": "002006VMWAREDatastore",
                           "resourceKindId": "002006VMWAREDatastore"
                        }],
                        "includedResources": null
                     },
                     "filterMode": "customFilter",
                     "focusOnGroups": true,
                     "groupBy": {
                        "id": "004null002006VMWAREDatacenter",
                        "originalText": "Datacenter",
                        "parentId": "VMWARE",
                        "parentText": "vCenter Adapter",
                        "text": "Datacenter",
                        "type": "resourceKind",
                        "typeId": "resourceKind:id:3_::_"
                     },
                     "id": "extModel9146-1",
                     "mode": {"mode": false},
                     "name": "Storage Base Rate vs. Total Datastore Cost (Demand)",
                     "relationalGrouping": false,
                     "resourceKind": "resourceKind:id:5_::_",
                     "sizeBy": {
                        "metricKey": "cost|totalCost",
                        "value": "Cost|Monthly Datastore Total Cost (US$)"
                     },
                     "solidColoring": false,
                     "tagFilter": null,
                     "thenBy": {
                        "id": "004null002006VMWAREStoragePod",
                        "originalText": "Datastore Cluster",
                        "parentId": "VMWARE",
                        "parentText": "vCenter Adapter",
                        "text": "Datastore Cluster",
                        "type": "resourceKind",
                        "typeId": "resourceKind:id:4_::_"
                     }
                  },
                  {
                     "attributeKind": {"value": ""},
                     "color": {"thresholds": {
                        "colors": [
                           "#00ff00",
                           "#888800",
                           "#ff0000"
                        ],
                        "values": [
                           0,
                           50,
                           100
                        ]
                     }},
                     "colorBy": {
                        "metricKey": "cost|storageRate",
                        "value": "Cost|Monthly Storage Rate (US$)"
                     },
                     "customFilter": {
                        "excludedResources": null,
                        "filter": [{
                           "filterTypes": [{
                              "condition": "GREATER_THAN",
                              "filterType": "metrics",
                              "isStringMetric": false,
                              "metricKey": "cost|totalCost",
                              "metricName": "Cost|Monthly Datastore Total Cost",
                              "metricUnit": "US$",
                              "metricValue": {
                                 "isStringMetric": false,
                                 "value": 0
                              }
                           }],
                           "resourceKind": "002006VMWAREDatastore",
                           "resourceKindId": "002006VMWAREDatastore"
                        }],
                        "includedResources": null
                     },
                     "filterMode": "customFilter",
                     "focusOnGroups": true,
                     "groupBy": {
                        "id": "004null002006VMWAREDatacenter",
                        "originalText": "Datacenter",
                        "parentId": "VMWARE",
                        "parentText": "vCenter Adapter",
                        "text": "Datacenter",
                        "type": "resourceKind",
                        "typeId": "resourceKind:id:3_::_"
                     },
                     "id": "extModel9146-2",
                     "mode": {"mode": false},
                     "name": "Storage Base Rate vs. Capacity Remaining (Demand)",
                     "relationalGrouping": false,
                     "resourceKind": "resourceKind:id:5_::_",
                     "sizeBy": {
                        "metricKey": "OnlineCapacityAnalytics|diskspace|total|capacityRemaining",
                        "value": "Capacity Analytics Generated|Disk Space|Usage|Capacity Remaining (GB)"
                     },
                     "solidColoring": false,
                     "tagFilter": null,
                     "thenBy": {
                        "id": "004null002006VMWAREStoragePod",
                        "originalText": "Datastore Cluster",
                        "parentId": "VMWARE",
                        "parentText": "vCenter Adapter",
                        "text": "Datastore Cluster",
                        "type": "resourceKind",
                        "typeId": "resourceKind:id:4_::_"
                     }
                  },
                  {
                     "attributeKind": {"value": ""},
                     "color": {"thresholds": {
                        "colors": [
                           "#00ff00",
                           "#888800",
                           "#ff0000"
                        ],
                        "values": [
                           0,
                           50,
                           100
                        ]
                     }},
                     "colorBy": {
                        "metricKey": "cost|storageRate",
                        "value": "Cost|Monthly Storage Rate (US$)"
                     },
                     "customFilter": {
                        "excludedResources": null,
                        "filter": [{
                           "filterTypes": [{
                              "condition": "GREATER_THAN",
                              "filterType": "metrics",
                              "isStringMetric": false,
                              "metricKey": "cost|totalCost",
                              "metricName": "Cost|Monthly Datastore Total Cost",
                              "metricUnit": "US$",
                              "metricValue": {
                                 "isStringMetric": false,
                                 "value": 0
                              }
                           }],
                           "resourceKind": "002006VMWAREDatastore",
                           "resourceKindId": "002006VMWAREDatastore"
                        }],
                        "includedResources": null
                     },
                     "filterMode": "customFilter",
                     "focusOnGroups": true,
                     "groupBy": {
                        "id": "004null002006VMWAREDatacenter",
                        "originalText": "Datacenter",
                        "parentId": "VMWARE",
                        "parentText": "vCenter Adapter",
                        "text": "Datacenter",
                        "type": "resourceKind",
                        "typeId": "resourceKind:id:3_::_"
                     },
                     "id": "extModel9146-3",
                     "mode": {"mode": false},
                     "name": "Storage Base Rate vs. Utilization (Demand)",
                     "relationalGrouping": false,
                     "resourceKind": "resourceKind:id:5_::_",
                     "sizeBy": {
                        "metricKey": "diskspace|disktotal",
                        "value": "Disk Space|Utilization (GB)"
                     },
                     "solidColoring": false,
                     "tagFilter": null,
                     "thenBy": {
                        "id": "004null002006VMWAREStoragePod",
                        "originalText": "Datastore Cluster",
                        "parentId": "VMWARE",
                        "parentText": "vCenter Adapter",
                        "text": "Datastore Cluster",
                        "type": "resourceKind",
                        "typeId": "resourceKind:id:4_::_"
                     }
                  },
                  {
                     "attributeKind": {"value": ""},
                     "color": {"thresholds": {
                        "colors": [
                           "#00ff00",
                           "#888800",
                           "#ff0000"
                        ],
                        "values": [
                           0,
                           50,
                           100
                        ]
                     }},
                     "colorBy": {
                        "metricKey": "cost|allocation|storageRateByAllocation",
                        "value": "Cost|Allocation|Monthly Storage Rate (US$)"
                     },
                     "customFilter": {
                        "excludedResources": null,
                        "filter": [{
                           "filterTypes": [{
                              "condition": "GREATER_THAN",
                              "filterType": "metrics",
                              "isStringMetric": false,
                              "metricKey": "cost|allocation|storageRateByAllocation",
                              "metricName": "Cost|Allocation|Monthly Storage Rate",
                              "metricUnit": "US$",
                              "metricValue": {
                                 "isStringMetric": false,
                                 "value": 0
                              }
                           }],
                           "resourceKind": "002006VMWAREDatastore",
                           "resourceKindId": "002006VMWAREDatastore"
                        }],
                        "includedResources": null
                     },
                     "filterMode": "tagPicker",
                     "focusOnGroups": true,
                     "groupBy": {
                        "id": "004null002006VMWAREDatacenter",
                        "originalText": "Datacenter",
                        "parentId": "VMWARE",
                        "parentText": "vCenter Adapter",
                        "text": "Datacenter",
                        "type": "resourceKind",
                        "typeId": "resourceKind:id:3_::_"
                     },
                     "mode": {"mode": false},
                     "name": "Storage Base Rate vs. Total Datastore Cost (Allocation)",
                     "relationalGrouping": false,
                     "resourceKind": "resourceKind:id:5_::_",
                     "sizeBy": {
                        "metricKey": "cost|totalCost",
                        "value": "Cost|Monthly Datastore Total Cost (US$)"
                     },
                     "solidColoring": false,
                     "tagFilter": null,
                     "thenBy": null
                  }
               ],
               "depth": 10,
               "mode": "all",
               "refreshContent": {"refreshContent": false},
               "refreshInterval": 300,
               "relationshipMode": {"relationshipMode": 0},
               "resource": [],
               "selfProvider": {"selfProvider": false},
               "title": "Datastores with Cheapest Storage Cost",
               "value": 3
            },
            "gridsterCoords": {
               "h": 7,
               "w": 4,
               "x": 9,
               "y": 4
            },
            "height": 381,
            "id": "4a55d1be-edbf-449c-8fd7-7cf77f5659c4",
            "states": [
               {
                  "key": "perm_HeatMap_widget_1d8bea03-97f4-477e-80a0-e4aded671475_4a55d1be-edbf-449c-8fd7-7cf77f5659c4",
                  "value": "o%3A"
               },
               {
                  "key": "perm_toolbarVisible_widget_1d8bea03-97f4-477e-80a0-e4aded671475_4a55d1be-edbf-449c-8fd7-7cf77f5659c4",
                  "value": "b%3A1"
               }
            ],
            "title": "Datastores with Cheapest Storage Cost",
            "type": "Heatmap"
         },
         {
            "collapsed": false,
            "config": {
               "boxColumns": 1,
               "boxHeight": null,
               "customFilter": {
                  "excludedResources": null,
                  "filter": [],
                  "includedResources": null
               },
               "depth": 1,
               "labelSize": 12,
               "maxCellCount": 100,
               "metric": {
                  "mode": "resourceKind",
                  "resourceKindMetrics": [
                     {
                        "colorMethod": 2,
                        "id": "extModel17607-3",
                        "isStringMetric": false,
                        "label": "Total Storage Cost per Month",
                        "link": "",
                        "metricKey": "cost|totalCost",
                        "metricName": "Cost|Monthly Datastore Total Cost",
                        "metricUnitId": -1,
                        "orangeBound": null,
                        "redBound": null,
                        "resourceKindId": "resourceKind:id:5_::_",
                        "resourceKindName": "Datastore",
                        "unit": "Auto",
                        "yellowBound": null
                     },
                     {
                        "colorMethod": 2,
                        "id": "extModel17607-1",
                        "isStringMetric": false,
                        "label": "Storage Base Rate per GB",
                        "link": "",
                        "metricKey": "cost|storageRate",
                        "metricName": "Cost|Monthly Storage Rate",
                        "metricUnitId": -1,
                        "orangeBound": null,
                        "redBound": null,
                        "resourceKindId": "resourceKind:id:5_::_",
                        "resourceKindName": "Datastore",
                        "unit": "Auto",
                        "yellowBound": null
                     },
                     {
                        "colorMethod": 2,
                        "id": "extModel7987-1",
                        "isStringMetric": false,
                        "label": "Datastore Capacity",
                        "link": "",
                        "metricKey": "diskspace|capacity",
                        "metricName": "Disk Space|Total Capacity",
                        "metricUnitId": -1,
                        "orangeBound": null,
                        "redBound": null,
                        "resourceKindId": "resourceKind:id:5_::_",
                        "resourceKindName": "Datastore",
                        "unit": "Auto",
                        "yellowBound": null
                     },
                     {
                        "colorMethod": 2,
                        "id": "extModel7987-3",
                        "isStringMetric": false,
                        "label": "Disk Space Used",
                        "link": "",
                        "metricKey": "diskspace|used",
                        "metricName": "Disk Space|Virtual Machine used",
                        "metricUnitId": -1,
                        "orangeBound": null,
                        "redBound": null,
                        "resourceKindId": "resourceKind:id:5_::_",
                        "resourceKindName": "Datastore",
                        "unit": "Auto",
                        "yellowBound": null
                     }
                  ],
                  "resourceMetrics": [],
                  "subMode": "resourceKindAll"
               },
               "mode": {"layoutMode": "fixedView"},
               "oldMetricValues": false,
               "periodLength": "last30Days",
               "refreshContent": {"refreshContent": true},
               "refreshInterval": 300,
               "relationshipMode": {"relationshipMode": 0},
               "resInteractionMode": null,
               "resource": [],
               "roundDecimals": 2,
               "selfProvider": {"selfProvider": false},
               "showDT": {"showDT": false},
               "showMetricName": {"showMetricName": true},
               "showMetricUnit": {"showMetricUnit": true},
               "showResourceName": {"showResourceName": false},
               "showSparkline": {"showSparkline": true},
               "title": "Datastore Cost Analysis (Demand Based)",
               "valueSize": 24,
               "visualTheme": 3
            },
            "gridsterCoords": {
               "h": 7,
               "w": 4,
               "x": 9,
               "y": 11
            },
            "height": 381,
            "id": "e07dc50e-4d84-4063-b228-e09be444f46d",
            "title": "Datastore Cost Analysis (Demand Based)",
            "type": "Scoreboard"
         },
         {
            "collapsed": true,
            "config": {
               "chartViewItems": [],
               "isUpdatedView": true,
               "refreshContent": {"refreshContent": true},
               "refreshInterval": 300,
               "resource": null,
               "selectFirstRow": {"selectFirstRow": false},
               "selfProvider": {"selfProvider": false},
               "title": "Cluster Cost Summary (Allocation Based)",
               "traversalSpecId": "",
               "viewDefinitionId": "f245ab34-1ee3-4ac2-bf78-3e912c55d949"
            },
            "gridsterCoords": {
               "h": 1,
               "w": 3,
               "x": 1,
               "y": 18
            },
            "height": 493,
            "id": "b2815250-ee90-4f79-a35c-49d7f5f09bab",
            "title": "Cluster Cost Summary (Allocation Based)",
            "type": "View"
         },
         {
            "collapsed": true,
            "config": {
               "boxColumns": 2,
               "boxHeight": null,
               "customFilter": {
                  "excludedResources": null,
                  "filter": [
                     {
                        "filterTypes": [{
                           "condition": "GREATER_THAN",
                           "filterType": "metrics",
                           "metricKey": "cost|allocation|allocationBasedCpuBaseRate",
                           "metricValue": {
                              "isStringMetric": false,
                              "value": 0
                           }
                        }],
                        "resourceKind": "002006VMWAREClusterComputeResource"
                     },
                     {
                        "filterTypes": [{
                           "condition": "GREATER_THAN",
                           "filterType": "metrics",
                           "metricKey": "cost|allocation|allocationBasedMemoryBaseRate",
                           "metricValue": {
                              "isStringMetric": false,
                              "value": 0
                           }
                        }],
                        "resourceKind": "002006VMWAREClusterComputeResource"
                     }
                  ],
                  "includedResources": null
               },
               "depth": 1,
               "labelSize": 12,
               "maxCellCount": 100,
               "metric": {
                  "mode": "resourceKind",
                  "resourceKindMetrics": [
                     {
                        "colorMethod": 2,
                        "id": "extModel2998-4",
                        "isStringMetric": false,
                        "label": "Total CPU Cost (Monthly)",
                        "link": "",
                        "metricKey": "cost|totalCpuCost",
                        "metricName": "Cost|Monthly Cluster Total CPU Cost",
                        "metricUnitId": -1,
                        "orangeBound": null,
                        "redBound": null,
                        "resourceKindId": "resourceKind:id:0_::_",
                        "resourceKindName": "Cluster Compute Resource",
                        "unit": "Auto",
                        "yellowBound": null
                     },
                     {
                        "colorMethod": 2,
                        "id": "extModel2998-5",
                        "isStringMetric": false,
                        "label": "Total Memory Cost (Monthly)",
                        "link": "",
                        "metricKey": "cost|totalMemoryCost",
                        "metricName": "Cost|Monthly Cluster Total Memory Cost",
                        "metricUnitId": -1,
                        "orangeBound": null,
                        "redBound": null,
                        "resourceKindId": "resourceKind:id:0_::_",
                        "resourceKindName": "Cluster Compute Resource",
                        "unit": "Auto",
                        "yellowBound": null
                     },
                     {
                        "colorMethod": 2,
                        "id": "extModel2358-5",
                        "isStringMetric": false,
                        "label": "CPU Base Rate per vCPU",
                        "link": "",
                        "metricKey": "cost|allocation|allocationBasedCpuBaseRate",
                        "metricName": "Cost|Allocation|Cluster CPU Base Rate",
                        "metricUnitId": null,
                        "orangeBound": null,
                        "redBound": null,
                        "resourceKindId": "resourceKind:id:0_::_",
                        "resourceKindName": "Cluster Compute Resource",
                        "unit": null,
                        "yellowBound": null
                     },
                     {
                        "colorMethod": 2,
                        "id": "extModel2358-6",
                        "isStringMetric": false,
                        "label": "Memory Base Rate per GB",
                        "link": "",
                        "metricKey": "cost|allocation|allocationBasedMemoryBaseRate",
                        "metricName": "Cost|Allocation|Cluster Memory Base Rate",
                        "metricUnitId": null,
                        "orangeBound": null,
                        "redBound": null,
                        "resourceKindId": "resourceKind:id:0_::_",
                        "resourceKindName": "Cluster Compute Resource",
                        "unit": null,
                        "yellowBound": null
                     },
                     {
                        "colorMethod": 2,
                        "id": "extModel2446-2",
                        "isStringMetric": false,
                        "label": "vCPUs Allocated",
                        "link": "",
                        "metricKey": "cpu|vcpus_allocated_on_all_powered_on_vms",
                        "metricName": "CPU|vCPUs Allocated on all Powered On VMs",
                        "metricUnitId": null,
                        "orangeBound": null,
                        "redBound": null,
                        "resourceKindId": "resourceKind:id:0_::_",
                        "resourceKindName": "Cluster Compute Resource",
                        "unit": null,
                        "yellowBound": null
                     },
                     {
                        "colorMethod": 2,
                        "id": "extModel2446-4",
                        "isStringMetric": false,
                        "label": "Memory Allocated",
                        "link": "",
                        "metricKey": "mem|memory_allocated_on_all_powered_on_vms",
                        "metricName": "Memory|Memory Allocated on all Powered On VMs",
                        "metricUnitId": -1,
                        "orangeBound": null,
                        "redBound": null,
                        "resourceKindId": "resourceKind:id:0_::_",
                        "resourceKindName": "Cluster Compute Resource",
                        "unit": "Auto",
                        "yellowBound": null
                     },
                     {
                        "colorMethod": 2,
                        "id": "extModel6540-1",
                        "isStringMetric": false,
                        "label": "Current CPU Overcommit Ratio",
                        "link": "",
                        "metricKey": "cpu|vcpus_to_cores_allocation_ratio",
                        "metricName": "CPU|Current Overcommit Ratio",
                        "metricUnitId": null,
                        "orangeBound": null,
                        "redBound": null,
                        "resourceKindId": "resourceKind:id:0_::_",
                        "resourceKindName": "Cluster Compute Resource",
                        "unit": null,
                        "yellowBound": null
                     },
                     {
                        "colorMethod": 2,
                        "id": "extModel6540-2",
                        "isStringMetric": false,
                        "label": "Current Memory Overcommit Ratio",
                        "link": "",
                        "metricKey": "mem|virtual_to_physical_memory_allocation_ratio",
                        "metricName": "Memory|Current Overcommit Ratio",
                        "metricUnitId": null,
                        "orangeBound": null,
                        "redBound": null,
                        "resourceKindId": "resourceKind:id:0_::_",
                        "resourceKindName": "Cluster Compute Resource",
                        "unit": null,
                        "yellowBound": null
                     },
                     {
                        "colorMethod": 2,
                        "id": "extModel6540-3",
                        "isStringMetric": false,
                        "label": "Planned CPU Overcommit Ratio",
                        "link": "",
                        "metricKey": "System Properties|cpu|alloc|overcommitRatioSetting",
                        "metricName": "vRealize Operations Manager Generated Properties|CPU|Allocation|Planned Overcommit Ratio",
                        "metricUnitId": null,
                        "orangeBound": null,
                        "redBound": null,
                        "resourceKindId": "resourceKind:id:0_::_",
                        "resourceKindName": "Cluster Compute Resource",
                        "unit": null,
                        "yellowBound": null
                     },
                     {
                        "colorMethod": 2,
                        "id": "extModel6540-4",
                        "isStringMetric": false,
                        "label": "Planned Memory Overcommit Ratio",
                        "link": "",
                        "metricKey": "System Properties|mem|alloc|overcommitRatioSetting",
                        "metricName": "vRealize Operations Manager Generated Properties|Memory|Allocation|Planned Overcommit Ratio",
                        "metricUnitId": null,
                        "orangeBound": null,
                        "redBound": null,
                        "resourceKindId": "resourceKind:id:0_::_",
                        "resourceKindName": "Cluster Compute Resource",
                        "unit": null,
                        "yellowBound": null
                     }
                  ],
                  "resourceMetrics": [],
                  "subMode": "resourceKindAll"
               },
               "mode": {"layoutMode": "fixedView"},
               "oldMetricValues": false,
               "periodLength": "last30Days",
               "refreshContent": {"refreshContent": true},
               "refreshInterval": 300,
               "relationshipMode": {"relationshipMode": 0},
               "resInteractionMode": null,
               "resource": [],
               "roundDecimals": 2,
               "selfProvider": {"selfProvider": false},
               "showDT": {"showDT": false},
               "showMetricName": {"showMetricName": true},
               "showMetricUnit": {"showMetricUnit": true},
               "showResourceName": {"showResourceName": false},
               "showSparkline": {"showSparkline": true},
               "title": "Cluster Cost Analysis (Allocation Based)",
               "valueSize": 24,
               "visualTheme": 3
            },
            "gridsterCoords": {
               "h": 1,
               "w": 5,
               "x": 4,
               "y": 18
            },
            "height": 493,
            "id": "10e00672-0057-4be7-83b1-faedf0fd3dc6",
            "title": "Cluster Cost Analysis (Allocation Based)",
            "type": "Scoreboard"
         },
         {
            "collapsed": true,
            "config": {
               "boxColumns": 1,
               "boxHeight": null,
               "customFilter": {
                  "excludedResources": null,
                  "filter": [{
                     "filterTypes": [{
                        "condition": "GREATER_THAN",
                        "filterType": "metrics",
                        "metricKey": "cost|allocation|storageRateByAllocation",
                        "metricValue": {
                           "isStringMetric": false,
                           "value": 0
                        }
                     }],
                     "resourceKind": "002006VMWAREDatastore"
                  }],
                  "includedResources": null
               },
               "depth": 1,
               "labelSize": 12,
               "maxCellCount": 100,
               "metric": {
                  "mode": "resourceKind",
                  "resourceKindMetrics": [
                     {
                        "colorMethod": 2,
                        "id": "extModel17607-3",
                        "isStringMetric": false,
                        "label": "Total Storage Cost per Month",
                        "link": "",
                        "metricKey": "cost|totalCost",
                        "metricName": "Cost|Monthly Datastore Total Cost",
                        "metricUnitId": -1,
                        "orangeBound": null,
                        "redBound": null,
                        "resourceKindId": "resourceKind:id:5_::_",
                        "resourceKindName": "Datastore",
                        "unit": "Auto",
                        "yellowBound": null
                     },
                     {
                        "colorMethod": 2,
                        "id": "extModel17607-2",
                        "isStringMetric": false,
                        "label": "Storage Base Rate per GB",
                        "link": "",
                        "metricKey": "cost|allocation|storageRateByAllocation",
                        "metricName": "Cost|Allocation|Monthly Storage Rate",
                        "metricUnitId": -1,
                        "orangeBound": null,
                        "redBound": null,
                        "resourceKindId": "resourceKind:id:5_::_",
                        "resourceKindName": "Datastore",
                        "unit": "Auto",
                        "yellowBound": null
                     },
                     {
                        "colorMethod": 2,
                        "id": "extModel10610-1",
                        "isStringMetric": false,
                        "label": "Datastore Capacity",
                        "link": "",
                        "metricKey": "diskspace|capacity",
                        "metricName": "Disk Space|Total Capacity",
                        "metricUnitId": -1,
                        "orangeBound": null,
                        "redBound": null,
                        "resourceKindId": "resourceKind:id:5_::_",
                        "resourceKindName": "Datastore",
                        "unit": "Auto",
                        "yellowBound": null
                     },
                     {
                        "colorMethod": 2,
                        "id": "extModel10610-2",
                        "isStringMetric": false,
                        "label": "Disk Space Provisioned",
                        "link": "",
                        "metricKey": "diskspace|provisioned",
                        "metricName": "Disk Space|Provisioned Space",
                        "metricUnitId": -1,
                        "orangeBound": null,
                        "redBound": null,
                        "resourceKindId": "resourceKind:id:5_::_",
                        "resourceKindName": "Datastore",
                        "unit": "Auto",
                        "yellowBound": null
                     }
                  ],
                  "resourceMetrics": [],
                  "subMode": "resourceKindAll"
               },
               "mode": {"layoutMode": "fixedView"},
               "oldMetricValues": false,
               "periodLength": "last30Days",
               "refreshContent": {"refreshContent": true},
               "refreshInterval": 300,
               "relationshipMode": {"relationshipMode": 0},
               "resInteractionMode": null,
               "resource": [],
               "roundDecimals": 2,
               "selfProvider": {"selfProvider": false},
               "showDT": {"showDT": false},
               "showMetricName": {"showMetricName": true},
               "showMetricUnit": {"showMetricUnit": true},
               "showResourceName": {"showResourceName": false},
               "showSparkline": {"showSparkline": true},
               "title": "Datastore Cost Analysis (Allocation Based)",
               "valueSize": 24,
               "visualTheme": 3
            },
            "gridsterCoords": {
               "h": 1,
               "w": 4,
               "x": 9,
               "y": 18
            },
            "height": 493,
            "id": "c026d4e9-1999-4d50-9220-3cc1e2c26b5d",
            "title": "Datastore Cost Analysis (Allocation Based)",
            "type": "Scoreboard"
         }
      ]
   }],
   "entries": {"resourceKind": [
      {
         "adapterKindKey": "VMWARE",
         "internalId": "resourceKind:id:3_::_",
         "resourceKindKey": "Datacenter"
      },
      {
         "adapterKindKey": "VMWARE",
         "internalId": "resourceKind:id:2_::_",
         "resourceKindKey": "VMwareAdapter Instance"
      },
      {
         "adapterKindKey": "VMWARE",
         "internalId": "resourceKind:id:0_::_",
         "resourceKindKey": "ClusterComputeResource"
      },
      {
         "adapterKindKey": "VMWARE",
         "internalId": "resourceKind:id:1_::_",
         "resourceKindKey": "vSphere World"
      },
      {
         "adapterKindKey": "VMWARE",
         "internalId": "resourceKind:id:4_::_",
         "resourceKindKey": "StoragePod"
      },
      {
         "adapterKindKey": "VMWARE",
         "internalId": "resourceKind:id:5_::_",
         "resourceKindKey": "Datastore"
      }
   ]},
   "uuid": "d3dc42c0-9187-466f-b940-95c4b1b339fe"
}